Ubicación;Código;MATERIAL;1 LECTURA;2 LECTURAS;DESCRIPCIÓN
BIOMBOS 1;2150259;AMBÚ DESECHABLE;1;2;BLS RESUCITADORA AD..ECH C/MASCARILLA N5
EST1-1;2240981;EQUIPO DE SUERO PERFUSIÓN BOMBA BRAUN;200;400;EQ BMB INF C/SEGURIDAD STD 250CM
EST1-3;2139049;JERINGA PRECARGADA 10ml;720;1.440;JERINGA NO EST PRECAR C/NaCL EST 10ML
EST1-4;2138395;JERINGA 10ML;500;1.000;JERINGA 3 CUERPOS CONO LUER 10ML
EST1-5;2138397;JERINGA 5ML;600;1.200;JERINGA 3 CUERPOS CONO LUER 5ML
EST1-6;2139187;EQUIPO DE SUERO COMÚN;300;600;EQ INF EST SEGUR C/TOMA DE AIRE
EST2-1;2142605;BATA ESTÉRIL;20;40;BATA QUIR STD T-L
EST2-1;2281149;BATA IMPERMEABLE;10;20;BATA N/ EST TOT IMPERM EPI II K19
EST2-2;2281552;GUANTE NO ESTERIL NITRILO TALLA S;4.000;8.000;GUANTE NITR NMAL SE..X DEEP BLUE T-S K19
EST2-3;2281553;GUANTE NO ESTERIL NITRILO TALLA M;4.000;8.000;GUANTE NITR NMAL SE..X DEEP BLUE T-M K19
EST2-4;2281554;GUANTE NO ESTERIL NITRILO TALLA L;2.000;4.000;GUANTE NITR NMAL SE..X DEEP BLUE T-L K19
EST3-1;2149736;EQUIPO HEMOFILTRO ST150;4;8;KIT HEMOFILTRACION 1,5M²
EST3-3;2101799;PICC 2 LUCES;4;8;CAT CENT PERI 2LUCES 5F 50CM
EST4-2;2143968;EMPAPADOR;300;600;EMPAPADOR ABSORBENTE >900ML 60X90CM
EST4-3;5213077;CELULOSAS;1.170;2.340;TOALLITA CELULOSA TEJ S/ TEJER 40X27CM
EST4-4;5003132;PAPEL DE MANOS FOLIOS BAÑO;3.750;7.500;TOALLA ECOLOGICA HIDROSOLUBLE 2 CAP
EST5-2;2281022;BATA AISLAM VERDE COMÚN;300;600;BATA N/ EST TNT K19
EST5-3;2326842;MANGUERA DE ASPIRACIÓN;30;60;TB DE ASPIRACION CO.. H-H EST 6X8,5MM 2M
EST5-4;2256036;CONTENEDOR DESECHABLE ASPIRADOR;35;70;BLS P/ FRSC ASPIRACION FLUIDOS 1,5L
LENCERIA;2141775;MEDIA COMPRESIVA TALLA L;4;8;MED ANTIEMBOLICA LRG T-L 26-28CM 64-80CM
LENCERIA;1000110;SERVILLETAS KLEENEX;1.500;3.000;PAÑUELOS DE CELULOSA 2 CAPAS
LENCERIA;2223296;SABANAS DE PAPEL;45;90;SABANA DESECHABLE POLIPROPILENO 150X200C
LENCERIA;2142638;CALZAS;200;400;CALZA CUBRE ZAPATO TNT
LENCERIA;2142649;GORRO;100;200;GORRO QUIR CABELLO LRG
LENCERIA;2141529;TALONERAS GRUESAS;10;20;TALONERA ANTIESCARAS
LENCERIA;5215632;CUCHARA DESECHABLE;50;100;CUCHARA DESECH MAIZ 160MM
LENCERIA;2143262;SUDARIO;5;10;SUDARIO
LENCERIA;2143520;FAJA TALLA S;5;10;FAJA LMB 3 BANDAS T2
LENCERIA;2143521;FAJA TALLA M;4;8;FAJA LMB 3 BANDAS T3
LENCERIA;2254584;BRAGA MALLA GINE;100;200;BRAGA MLL LAVABLE T-XL
LENCERIA;2143522;FAJA TALLA L;2;4;FAJA LMB 4 BANDAS T4
LENCERIA;2141191;APODREX;10;20;APST TRATAM ULCERAS INADHERENTE 150X45CM
LENCERIA;2143925;PAÑALES TALLA L;60;120;ABSORBENTE ELASTICO. OCHE T-G AB >1200ML
LENCERIA;2143956;COMPRESA GINECOLÓGICA;25;50;CMPRS TOCOLOGICA N/ ADH 10X30CM
LENCERIA;2143928;PAÑALES TALLA SG o XL;20;40;ABSORBENTE ELASTICO..CHE T-SG AB >1200ML
LENCERIA;2143926;PAÑALES TALLA M;20;40;ABSORBENTE ELASTICO..E T-M AB 900-1200ML
LENCERÍA;2143256;BABERO PACIENTE P/COMER;100;200;BABERO PROTECTOR PL..IFICADO DESECHEABLE
M03/B02/00;2215794;MASCARILLA VENTIMASK P/TRAQUEOSTOMÍA;3;6;MASC OXIGENO 7 CONC..CIONES P/ TRAQUEOST
M03/B02/00;2150118;MASCARILLA NEBULIZACIÓN P/TRAQUEOSTOMÍA;2;4;MASC TRAQUEOST ADU C/NEBULIZADOR
M03/B03/00;2299600;TUBO GUEDEL ROJO;2;4;TB GUEDEL ROJO 10CM
M03/B03/00;2299599;TUBO GUEDEL AMARILLO;2;4;TB MAYO GUEDEL 09CM AMRLL
M03/B03/00;2299598;TUBO GUEDEL VERDE;3;6;TB MAYO GUEDEL 08CM VRD
M03/B03/00;2202033;CONEXIÓN RECTA PARA ALARGADERA DE OXÍGENO;5;10;CONEXION RCT ESCALONADA PEQ
M03/B04/00;2138586;ALARGADERA DE OXÍGENO;5;10;ALARGADERA OXIGENO 2M
M03/B04/00;2151063;CÁNULA NASAL OXÍGENO - GAFAS NASALES;25;50;CAN NASAL P/ OXIGENO APROX. 2M
M03/B04/00;2150367;MASCARILLA DE OXÍGENO CON RESERVORIO ;4;8;MASC OXIGENO CONCENTRACION 100X100
M03/B05/00;2150227;MASCARILLA PARA AMBÚ TALLA 4;3;6;MASC P/ RESUCITADOR MANUAL ADU N4
M03/B05/00;2150228;MASCARILLA PARA AMBÚ TALLA 5;3;6;MASC P/ RESUCITADOR MANUAL ADU N5
M03/B05/00;2150229;MASCARILLA PARA AMBÚ TALLA 3;3;6;MASC P/ RESUCITADOR MANUAL ADU N3
M03/B06/00;2150153;MASCARILLA DE NEBULIZACIÓN;10;20;MASC ADU OXIGENO C/NEBULIZADOR
M03/B06/00;2150439;MASCARILLA VENTIMASK;6;12;MASC OXIGENO ADU 7 CONCENTRACIONES
M04/B01/00;2140160;CONTENEDOR PLEUREVAC SELLADO DE AGUA;2;4;CAM COLECTORA P/ DREN TORACICO SECA
M04/B03/00;2140156;DRENAJE TORÁCICO CON TROCAR 28F;1;2;DREN TORACICO C/TROCAR 28F 40CM
M04/B03/00;2140155;DRENAJE TORÁCICO CON TROCAR 24F;1;2;DREN TORACICO C/TROCAR 24F 40CM
M04/B03/00;2140154;DRENAJE TORÁCICO CON TROCAR 20F;1;2;DREN TORACICO C/TROCAR 20F 40CM
M04/B04/00;2140432;SONDA ASPIRACIÓN 14;100;200;SND ASPIRACION CTRL CH14
M04/B06/00;2140433;SONDA ASPIRACIÓN 16;100;200;SND ASPIRACION CTRL CH16
M04/B08/00;2255332;SONDA ASPIRACIÓN 10;50;100;SND ASPIRACION TRAQ..UIAL CTRL CH10 52CM
M04/B09/00;2254212;SONDA ASPIRACIÓN 12;50;100;SND ASPIRACION TRAQ..UIAL CTRL CH12 52CM
M04/B10/00;2318858;CÁMARA PARA INHALADOR VOLUMATIC;1;2;CAM INHALACION UNIV CHAMBER
M04/B10/00;2151116;INSPIRÓMETRO 5 LITROS;2;4;INSPIROMETRO INCENT..DOR RESPIRATORIO 5L
M05/B01/00;2146856;AIRTRAQ LARINGOSCOPIO DESECHABLE VERDE;1;2;LARING OPTICO PEQ DESECH VRD 16MM
M05/B01/00;2147611;AIRTRAQ LARINGOSCOPIO DESECHABLE AZUL;1;2;LARING OPTICO STD DESECH AZL 18MM
M05/B02/00;2225751;MASCARILLA LARÍNGEA C/VÍA GÁSTRICA IGEL 3;2;4;MASC P/ RESUCITADOR.. GASTRICO DESECH N3
M05/B02/00;2225752;MASCARILLA LARÍNGEA C/VÍA GÁSTRICA IGEL 4;2;4;MASC P/ RESUCITADOR.. GASTRICO DESECH N4
M05/B03/00;2138633;BOQUILLA ASPIRADOR YANKAUER;5;10;BOQUILLA ASPIRADOR YANKAUER
M05/B03/00;2138632;BOQUILLA ASPIRADOR YANKAUER S/CONTROL;5;10;BOQUILLA ASPIRADOR YANKAUER S/CONTROL
M05/B03/00;2139103;TUBO MUESTRA ESPUTO BRONCOASPIRADO;3;6;EXTRACTOR MUCOSIDAD
M05/B03/00;2231331;TUBO MUESTRA ESPUTO BRONCOASPIRADO;3;6;ASPIRADOR MUCOSIDAD..IBROSCOPIO 16F 70ML
M05/B07/00;2147351;SENSOR BIS;15;30;SEN MED PROFUNDIDAD ANESTESICA
M05/B08/00;2147473;ALARGADERA CAPNÓGRAFO;10;20;LINEA MUESTREO CAPN.. INT PLET PVC 2,45M
M06/B01/00;2150947;TUBO NASOTRAQUEAL 7;2;4;TB NASAL PREF C/ BAL N7
M06/B02/00;2243557;TUBO OROTRAQUEAL ORAL CORRUGADO 7,5;4;8;TB ENDTRAQ ORAL/NAS.. MURPHY C/ BAL N7,5
M06/B02/00;2243556;TUBO OROTRAQUEAL ORAL CORRUGADO 7;5;10;TB ENDTRAQ ORAL/NAS..AL MURPHY C/ BAL N7
M06/B02/00;2243555;TUBO OROTRAQUEAL ORAL CORRUGADO 6,5;4;8;TB ENDTRAQ ORAL/NAS.. MURPHY C/ BAL N6,5
M06/B03/00;2318902;TUBO OROTRAQUEAL ORAL 9;2;4;TB ENDTRAQ ORAL/NASAL BAL OJAL MURPHY N9
M06/B03/00;2318898;TUBO OROTRAQUEAL ORAL 7;2;4;TB ENDTRAQ ORAL/NASAL BAL OJAL MURPHY N7
M06/B03/00;2318901;TUBO OROTRAQUEAL ORAL 8,5;2;4;TB ENDTRAQ ORAL/NAS..AL OJAL MURPHY N8,5
M06/B03/00;2318900;TUBO OROTRAQUEAL ORAL 8;2;4;TB ENDTRAQ ORAL/NASAL BAL OJAL MURPHY N8
M06/B03/00;2318899;TUBO OROTRAQUEAL ORAL 7,5;2;4;TB ENDTRAQ ORAL/NAS..AL OJAL MURPHY N7,5
M06/B04/00;2148523;FILTRO HUMIDIFICADOR PASIVO HME VERDE;30;60;FIL ANEST C/ HUMIDI..R Y TOMA CAPNOGRAFO
M06/B05/00;2210282;GUSANO PARA VENTILACIÓN C/TUBO ENDOTRAQUEAL;35;70;TB VENT EXTNBL C/CO..TOR GIRA EST 7-16CM
M06/B07/00;2148622;TUBULADURAS P/RESPIRADOR VENTILACIÓN MECÁNICA;8;16;CIRCUITO P/ VENT MEC PVC DESECH 150CM
M07/B01/00;2238388;SONDA RECTAL SILICONA FLEXISEAL;2;4;ST CTRL INC FECAL C.. INFLADO HASTA 45ML
M07/B03/00;2239905;DRENAJE FUELLE 50ML FAROLILLO;2;4;DREN REDON BJ VACIO 50ML
M07/B03/00;2239904;DRENAJE FUELLE 500ML;4;8;DREN REDON BJ VACIO 500ML
M07/B04/00;2140220;DRENAJE JACKSON-PRATT JP 400ML;2;4;RESERV DREN SIL 400ML
M07/B04/00;2140115;DRENAJE REDON BOTELLA 600ML;2;4;DREN REDON ALTO VACIO 600ML
M07/B05/00;2260035;CONTENEDOR DRENAJE VACUM SMITH & NEPHEW;2;4;CONT DREN PRES NEGA..SOLIDIFICADOR 300ML
M08/B02/00;2146334;EQUIPO IRRIGACIÓN EN 'Y' P/SUERO LAVADOR VESICAL;2;4;EQ IRRIG EN 'Y' RTU
M08/B03/00;2141012;KIT SONDAJE VESICAL S/GUANTES;6;12;EQ SONDAJE VESICAL S/GUANTES
M08/B04/00;2140634;SONDA VESICAL INTERMITENTE 14;2;4;SND VESICAL FEMENINA N14
M08/B04/00;2141160;SONDA RECTAL RÍGIDA 22;2;4;SND RECTAL S/BALON CH22
M08/B05/00;2140903;SONDA VESICAL FOLEY 16F;5;10;SND VESICAL FOLEY S..PNT RCT C/BALON 16F
M08/B05/00;2268001;SONDA VESICAL FOLEY 14F;5;10;SND VESICAL FOLEY S..CT C/BALON 14F 40CM
M08/B05/00;2281612;SONDA VESICAL FOLEY 12F;2;4;SND VESICAL FOLEY S..PNT RCT C/BALON 12F
M08/B07/00;2253685;BOLSA UROSTOMÍA 40MM;30;60;BLS UROSTOMIA TRANS..40MM ESTOMA 10-35MM
M08/B07/00;2233956;DISCO OSTOMÍA 40MM;5;10;DISCO OSTOMIA EXTRA..40MM ESTOMA 10-35MM
M08/B10/00;2233957;DISCO OSTOMÍA 50MM;5;10;DISCO OSTOMIA EXTRA..50MM ESTOMA 10-45MM
M08/B10/00;2139472;BOLSA ILEOSTOMÍA ABIERTA 50MM;30;60;BLS ILEOST ABIERTA 50MM
M08/B11/00;2233947;BOLSA COLOSTOMÍA CERRADA 50MM;30;60;BLS COLOST TRANSPAR..50MM ESTOMA 10-35MM
M08/B12/00;2237523;BOLSA UROSTOMÍA 60MM;30;60;BLS UROSTOMIA TRANS..60MM ESTOMA 10-55MM
M08/B12/00;2233958;DISCO OSTOMÍA 60MM;5;10;DISCO OSTOMIA EXTRA..60MM ESTOMA 10-55MM
M08/B13/00;2244528;BOLSA ILEOSTOMÍA ABIERTA 60MM;30;60;BLS ILEOST TRANSPAR..60MM ESTOMA 10-55MM
M08/B13/00;2233948;BOLSA COLOSTOMÍA CERRADA 60MM;30;60;BLS COLOST TRANSPAR..60MM ESTOMA 10-35MM
M09/B01/00;2139614;SOPORTE GANCHO P/BOLSA DE ORINA;10;20;SOP BLS ORINA
M09/B03/00;2139544;BOLSA 100ML 1 PIEZA P/DRENAJE;20;40;BLS DREN TRANSPARENTE N/ EST 100ML
M09/B03/00;2138661;CONECTOR DRENAJE PIGTAIL O CATETER URETERAL;4;8;CONEXION P/ SND AJUSTABLE EST
M09/B03/00;2200684;CONO P/DRENAJE O BRICKER;4;8;BOQUILLA FLEX UNIV P/CATETERES Y SONDAS
M09/B03/00;2138890;TAPON SONDA VESICAL;10;20;TAPON SND VESICAL
M09/B04/00;2142302;CONTENEDOR MUESTRA 150ML ANACLIN TAPÓN ROJO;30;60;CONT TAPA ROJA 100-150ML
M09/B05/00;2111724;TUBO MUESTRA DE ORINA TAPÓN BEIGE;25;50;TB TRANSPORTE REGD ..NA TAPON BEIGE 11ML
M09/B05/00;2142308;CONTENEDOR MUESTRA ORINA 100ML TAPÓN AMARILLO;10;20;CONT REGD ORINA DIS..APA AMRLL EST 100ML
M09/B05/00;2112943;COMBURTEST TIRAS REACTIVAS ORINA;100;200;TIRA ORINA DET. 7 PARAMETROS
M09/B06/00;2206466;BOLSA ORINA PARA CAJETIN SIN GRIFO;150;300;BLS RECAMBIO S/GRIF..Q CTRL HORARIO 1,5L
M09/B08/00;2139423;BOLSA SNG;25;50;BLS ORINA/SECRECIONES N/ EST 2L
M09/B09/00;2139659;CAJETIN HORARIO ORINA BRAUN;8;16;ST MEDIDOR DIURESIS..S C/ GRIFO 2L 120CM
M10/B02/00;5161503;FILTRO REDONDO ASPIRADOR VACIO CONTINUO;10;20;FILTRO REGULADOR DE VACIO CONTINUO
M10/B02/00;2238876;SONDA NASOGASTRICA SNG 14;2;4;"SND NASOG ""SALEM"" R.. CERRADA CH14 120CM"
M10/B02/00;2238875;SONDA NASOGASTRICA SNG 18;2;4;"SND NASOG ""SALEM"" R.. CERRADA CH18 120CM"
M10/B02/00;2238393;SONDA NASOGASTRICA SNG 16;2;4;"SND NASOG ""SALEM"" R.. CERRADA CH16 120CM"
M10/B06/00;2142808;PAÑO ESTÉRIL CON ADHESIVO;40;80;PAÑO BORDE ADH 75X100CM
M10/B07/00;2142815;PAÑO ESTÉRIL sin ADHESIVO;15;30;PAÑO IMPERMEABLE EST S/ ADH 75X90CM
M10/B09/00;2143857;GEL ULTRASONIDOS (NO DESF);3;6;GEL CONDUCTOR HIDRO.. ULTRASONIDOS 250ML
M10/B09/00;2252720;PEGATINAS DESFIBRILADOR;2;4;ELECT P/ DSFIB ADU DESECH
M10/B09/00;2147291;ELECTRODOS EKG;240;480;ELECT ECG ADH RED ADU 6CM
M11/B01/00;2298391;MASCARILLA FFP2;100;200;MASC FFP2
M11/B02/00;2279617;MASCARILLA QUIRÚRGICA IIR;500;1.000;MASC QUIR TIPO IIR C/GOMAS
M11/B03/00;2138783;EQUIPO CALENTADOR SANGRE;2;4;CARTUCHO P/ CALENTADOR SANGRE Y FLUIDOS
M11/B04/00;2146749;LINTERNA;1;2;LINTERNA EXPLORACION
M11/B04/00;2138535;AGUJA P/VACUTAINER;200;400;ADPT TB EXTRAC
M11/B04/00;2146983;TERMOMETRO DIGITAL;3;6;TERMOMETRO DIGITAL
M11/B04/00;5033311;PILA BOTON DE LITIO RF.CR-2032;2;4;PILA BOTON DE LITIO RF.CR-2032
M11/B04/00;5033330;PILA ALCALINA LR-14 1,5 V.;1;2;PILA ALCALINA LR-14 1,5 V.
M11/B04/00;1102392;PILA RECT 9V ALCALINA 6LR61;1;2;PILA RECT 9V ALCALINA 6LR61
M11/B04/00;5209110;REGLETA ESCALA DOLOR;2;4;ESCALA EVA MED DLR
M11/B04/00;1102390;PILA CIL ALCALINA 1,5 V LR03;12;24;PILA CIL ALCALINA 1,5 V LR03
M11/B05/00;5209634;ETIQUETAS MIDAZOLAM;500;1.000;ETIQ ADH MIDAZOLAM 44X13MM R/500
M11/B05/00;2255471;CONECTOR P/JERINGA ENFIT NUTRICIÓN ENTERAL;10;20;CONECT JERINGA NUTR..ER A CONEXION ENFIT
M11/B05/00;5209631;ETIQUETAS FENTANILO;500;1.000;ETIQ ADH FENTANILO 44X13MM R/500
M11/B05/00;5209630;ETIQUETAS MORFINA;500;1.000;ETIQ ADH MORFINA 44X13MM R/500
M11/B05/00;5209508;ETIQUETAS ROCURONIO;500;1.000;ETIQ ADH ROCURONIO 44X13MM R/500
M11/B05/00;2254730;CONECTOR ENFIT PARA EQUIPO NUTRICIÓN ENTERAL;10;20;CONECT NUTRICION ENTERAL ENFIT ENLOCK
M11/B05/00;5209482;ETIQUETAS REMIFENTANILO;500;1.000;ETIQ ADH REMIFENTANILO 44X13MM R/500
M11/B05/00;5143446;ETIQUETAS EFEDRINA;500;1.000;ETIQ ADH EFEDRINA 44X13MM R/500
M11/B05/00;5143443;ETIQUETAS ATROPINA;500;1.000;ETIQ ADH ATROPINA 44X13MM R/500
M11/B05/00;2256818;EQUIPO DE NUTRICIÓN ENTERAL INFINITY;8;16;ST NUTRICION ENTERA..GUR P/ BMB INFINITY
M11/B05/00;2138671;CONECTOR SNG TRANSPARENTE;10;20;CONECT 5 EN 1 TRANSPARENTE EST 6,3-11CM
M11/B06/00;2138856;LLAVE 3VIAS;50;100;LLAVE 3VIAS
M11/B06/00;2315067;BIOCONECTOR C/ALARGADERA CORTA VÍA PERIFÉRICA CVP;30;60;ALARGADERA 18CM C/ BIOCONECTOR
M11/B07/00;2138894;OBTURADOR ROJO VÍAS;200;400;TAPON COMB LUER LOCK
M11/B07/00;2138667;OBTURADOR CONECTOR AZUL;200;400;CONECT SEGUR ACCESO VEN TRANSPARENTE
M11/B08/00;2138789;DOSIFLOW MEDIDOR FLUJO EQUIPO INTRAVENOSO;30;60;MEDIDOR FL P/ ADMINISTR. INTRAVENOSA
M11/B10/00;2138570;ALARGADERA VÍA VENOSA 50CM;25;50;ALARGADERA EST 50CM
M11/B10/00;2138574;ALARGADERA VÍA VENOSA 100CM;25;50;ALARGADERA PRES LUE..HO-HEMBRA EST 100CM
M11/B10/00;2138581;ALARGADERA VÍA VENOSA 20CM;25;50;ALARGADERA EST 20CM
M12/B02/00;2202913;JERINGA 2,5ML;200;400;JERINGA 3 CUERPOS CONO LUER 2,5ML
M12/B03/00;2283146;TIRA P/TAO (SINTROM);48;96;TIRA DET TIEMPO PROTROMBINA PRO II
M12/B03/00;2138402;JERINGA 20ML;60;120;JERINGA 3 CUERPOS CONO LUER 20ML
M12/B05/00;2335421;COMPRESOR GOMA HEMOSTASIA;10;20;GOMA HEMOSTASIA 0,8X18X500MM
M12/B05/00;2338290;CATETER VENOSO PERIFÉRICO 16G;4;8;CAT PERI CRT C/SEG C/V.ANTIRREF 16G 50MM
M12/B07/00;2138458;JERINGA GASOMETRÍA ARTERIAL;125;250;JERINGA GASO ART C/AGUJA SEGUR 22G
M12/B08/00;2240982;EQUIPO OPACO PERFUSIÓN BOMBA BRAUN;2;4;EQ BMB INF TRANSLUCIDO C/SEGURIDAD 250CM
M12/B08/00;2138475;JERINGA INSULINA AGUJA SC;50;100;JERINGA INSUL 1ML C/AGUJ C/SEG 29G 13MM
M12/B08/00;2139051;JERINGA BOMBA DE PERFUSIÓN BRAUN 50ML;6;12;JERINGA P/ BMB PERF..ULA ASPIRACION 50ML
M12/B09/00;2138375;JERINGA SONDA NASOGASTRICA SNG 50ML CONO ANCHO;20;40;JERINGA CONO CAT S/AGUJ S/LATX 3C 50ML
M12/B09/00;2138389;JERINGA 50ML CONO LUER VÍA VENOSA;5;10;JERINGA 3 CUERPOS CONO LUER 50ML
M13/B01/00;2220906;EQUIPO BOMBA PCA INTRAVENOSA CADD BLANCO;5;10;EQ INF BMB DLR ANEST 198CM
M13/B01/00;2243603;EQUIPO BOMBA PCA EPIDURAL CADD AMARILLO;5;10;EQ P/ BMB DLR ANEST EPIDURAL 312CM
M13/B01/00;2282583;EQUIPO TRANSFUSIÓN SANGRE BOMBA BRAUN;2;4;EQ P/ BMB SANGRE SP..PRIMESTOP 200MICRAS
M13/B01/00;2331486;EQUIPO COMÚN TRANSFUSIÓN DE SANGRE;2;4;EQ TRANSFUSION SANGRE
M13/B02/00;2277578;PULSERA GRICODE NST;50;100;PULSERA SEGUR TRANSFUSIONAL 7D GRICODE
M13/B02/00;2139229;EQUIPO BOMBEO TRANSFUSIÓN DE SANGRE PERILLA;2;4;EQ SANGRE BOMBEO RAP
M13/B02/00;2230367;EQUIPO DE SUERO CON MICROGOTERO;2;4;"EQ DOSIFICADOR ""Y"" ..NTIBACTERIANO 150ML"
M13/B04/00;1102391;PILA CIL ALCALINA 1,5 V LR06;8;16;PILA CIL ALCALINA 1,5 V LR06
M13/B05/00;2141385;ESPARADRAPO PAPEL 2,5CMX10M;12;24;ESPARADRAPO PAPEL 2,5CMX10M
M13/B05/00;2141378;ESPARADRAPO PLAST 5CMX10M;6;12;ESPARADRAPO PLAST 5CMX10M
M14/B01/00;2142497;GUANTE ESTERIL S/POLVO NITRILO TALLA M;5;10;GUANTE EST S/ POLVO NITR T-M B/2
M14/B01/00;2142496;GUANTE ESTERIL S/POLVO NITRILO TALLA G;3;6;GUANTE EST S/ POLVO NITR T-G B/2
M14/B01/00;2142460;GUANTE PLÁSTICO ESTERIL PAYASO;100;200;GUANTE TACTO EST COPOLIMERO T-M
M14/B02/00;2142498;GUANTE ESTERIL S/POLVO NITRILO TALLA P;5;10;GUANTE EST S/ POLVO NITR T-P B/2
M14/B02/00;2281566;GUANTE POLIISOPOLÍMERO S/POLVO 8,5;3;6;GUANTE QUIR POLIISO.. SINT S/ POLVO N8,5
M14/B02/00;2280866;GUANTE POLIISOPOLÍMERO S/POLVO 8;10;20;GUANTE QUIR POLIISO..NO SINT S/ POLVO N8
M14/B02/00;2280861;GUANTE POLIISOPOLÍMERO S/POLVO 7,5;10;20;GUANTE QUIR POLIISO..INT S/ POLVO N7 1/2
M14/B02/00;2280859;GUANTE POLIISOPOLÍMERO S/POLVO 6;15;30;GUANTE QUIR POLIISO..NO SINT S/ POLVO N6
M14/B03/00;2280860;GUANTE POLIISOPOLÍMERO S/POLVO 7;50;100;GUANTE QUIR POLIISO..NO SINT S/ POLVO N7
M14/B04/00;2141182;APÓSITO DE GASA COMÚN OPERDRES 9X30;15;30;APST CURA SECA ADH ..BLE OPERDRES 9X30CM
M14/B04/00;2245961;GUANTE POLIISOPOLÍMERO S/POLVO 6,5;50;100;GUANTE QUIR POLIISOP..SINT S/POLVO N6,5
M14/B05/00;2141426;GASAS ESTÉRILES 10X10;300;600;GASA EST TNT 4CAPAS..PLEGADA 10X10CM B/5
M16/B06/00;2116165;SEDA 2/0 AGUJA RECTA;6;12;S.M.N.R.BIO MUL SED..PTRI 60MM 2/0 100CM
M14/B07/00;2141432;GASAS LIMPIAS NO ESTÉRILES;2.400;4.800;GASA N/ EST TNT 4CA..M PLEGADA 7,5X7,5CM
M14/B08/00;2141396;COMPRESAS ESTÉRILES 10X20;102;204;CMPRS EST TNT S/CRX..PLEGADA 10X20CM B/2
M15/B01/00;2141695;VENDAJE TUBULAR MALLA 4 TUBIFIX;1;2;VENDAJE TBLR MLL N4
M15/B01/00;2141693;VENDAJE TUBULAR MALLA 5 TUBIFIX;1;2;VENDAJE TBLR MLL N5
M15/B01/00;2141660;VENDAJE TUBULAR PUNTO 4 TUBINET;1;2;VENDAJE TBLR PUNTO ALGODON N4
M15/B01/00;2141696;VENDAJE TUBULAR MALLA 6 TUBIFIX;1;2;VENDAJE TBLR MLL N6
M15/B01/00;2141661;VENDAJE TUBULAR PUNTO 5 TUBINET;1;2;VENDAJE TBLR PUNTO ALGODON N5
M15/B01/00;2141662;VENDAJE TUBULAR PUNTO 7 TUBINET;1;2;VENDAJE TBLR PUNTO ALGODON N7
M15/B01/00;2141697;VENDAJE TUBULAR MALLA 7 TUBIFIX;1;2;VENDAJE TBLR MLL N7
M15/B02/00;2204476;VENDAJE ALGODÓN ALMOHADILLADO 10CM;4;8;VENDA ALMOHADILLADO SINT 10CMX2,7M
M15/B02/00;2141593;VENDAJE ALGODÓN ALMOHADILLADO 15CM;2;4;VENDA ALMOHADILLADO ALG. SMPL 15CMX2,75M
M15/B02/00;2141718;VENDA CREPE;10;20;VENDA CREPE 10CMX10M
M15/B03/00;2255087;ESPARADRAPO SEDA 5CM;2;4;ESPARADRAPO SEDA 5CMX5M
M15/B03/00;2241390;ESPARADRAPO TELA BLANCO 10CM;1;2;ESPARADRAPO TELA BLANCO 10CMX10M
M15/B03/00;2141358;GASA ADHESIVA 20CM;1;2;GASA ADHESIVA 20CMX10M
M15/B03/00;2141601;VENDA DE RED FINA 5CM;5;10;VENDA MLL ORILLADA 5CMX5M
M15/B03/00;2141359;GASA ADHESIVA 15CM;1;2;GASA ADHESIVA 15CMX10M
M15/B03/00;2141597;VENDA DE RED FINA 10CM;5;10;VENDA MLL ORILLADA 10CMX10M
M15/B03/00;2141732;VENDA ELÁSTICA 10CM;5;10;VENDA ELASTICA N/ ADHESIVA 9-10CMX4-5M
M15/B03/00;2141731;VENDA ELÁSTICA 8CM;4;8;VENDA ELASTICA N/ ADHESIVA 7-8CMX4-5M
M15/B04/00;2141181;APÓSITO DE GASA COMÚN OPERDRES 9X15;50;100;APST CURA SECA ADH ..BLE OPERDRES 9X15CM
M15/B04/00;2141184;APÓSITO DE GASA COMÚN OPERDRES 9X20;30;60;APST CURA SECA ADH ..BLE OPERDRES 9X20CM
M15/B04/00;2141185;APÓSITO DE GASA COMÚN OPERDRES 9X25;20;40;APST CURA SECA ADH ..BLE OPERDRES 9X25CM
M15/B05/00;2141183;APÓSITO DE GASA COMÚN OPERDRES 9X10;120;240;APST CURA SECA ADH ..BLE OPERDRES 9X10CM
M15/B05/00;2141186;APÓSITO DE GASA COMÚN OPERDRES 9X5;150;300;APST CURA SECA ADH ..ABLE OPERDRES 9X5CM
M15/B06/00;2141877;APÓSITO FILM POLIURETANO TEGADERM 6X7;100;200;FILM POLIUR TEGADERM FILM 6X7CM
M15/B06/00;2141875;APÓSITO FILM POLIURETANO TEGADERM 10X12;50;100;FILM POLIUR TEGADERM FILM 10X12CM
M15/B06/00;2336954;APÓSITO FILM VÍA CENTRAL CVC Y PICC;20;40;APST FIJN P/ CAT CE..TE REFOR 8,5X11,5CM
M15/B06/00;2201527;APÓSITO FILM VÍA PERIFÉRICA CVP;100;200;APST FIJN P/ CAT PERI TRANSPARENTE 7X8CM
M15/B07/00;2141969;APÓSITO DE HIDROFIBRA AQUACEL 10X10;10;20;APST HIDROFIBRA DE ..AQUACEL XTR 10X10CM
M15/B07/00;2142058;APÓSITO DE ESPUMA DE POLIURETANO MEPILEX 10X10;5;10;APST ESPUMA DE POLI..EPILEX LITE 10X10CM
M15/B07/00;2142185;APÓSITO MALLA ANTIADHERENTE ADAPTIC 7,6X20;24;48;MLL ANTIADH ADAPTIC 7,6X20,3CM
M15/B07/00;2208688;SPRAY REMOVER ADHESIVO;2;4;SPRAY C/SILICONA P/..ZA ADH EN PIEL 50ML
M15/B07/00;2142884;PAÑO ESTÉRIL FENESTRADO;4;8;PAÑO QUIR FENESTRADO IS 50X60CM
M15/B07/00;2142177;APÓSITO MALLA ANTIADHERENTE ADAPTIC 7,6X7,6;20;40;MLL ANTIADH ADAPTIC 7,6X7,6CM
M15/B07/00;2141889;APÓSITO URGOTUL 10X12;5;10;MLL DE HIDROCOL URGOTUL 10X12CM
M15/B07/00;2319173;APÓSITO CELULOSA HEMOSTÁTICO 7X10CM;5;10;MLL HEMOST CELULOSA..TA DENS REAB 7X10CM
M15/B07/00;2146691;APÓSITO FIBRA HEMOSTÁTICA SURGICEL 5X7CM;5;10;MLL HEMOST CELULOSA.. REABSORBIBLE 5X7CM
M15/B08/00;2141933;APÓSITO DE POLIURETANO TALONERA ALEVYN HEEL;15;30;APST ESPUMA DE POLI..YN HEEL 10,5X13,5CM
M15/B08/00;2141996;APÓSITO DE POLIURETANO ADHESIVO ALEVYN 7,5X7,5;15;30;APST ESPUMA DE POLI..LEVYN ADH 7,5X7,5CM
M15/B08/00;2142143;APÓSITO HIROCOLOIDE EXTRAFINO VARIHESIVE 10X10CM;10;20;APST HIDROCOL EXTRA..E EXTRAFINO 10X10CM
M15/B08/00;2142201;HIDROGEL CURA HÚMEDA 15G;4;8;HIDROGEL EN ESTRUCT..HESIVE HIDROGEL 15G
M15/B08/00;2141289;APÓSITO OCULAR;5;10;APST OCU 5,6X7CM
M15/B09/00;2141882;APÓSITO ESPUMA POLIURETANO URGOTULL ABSORB 10X12;5;10;APST ESPUMA DE POLI..OTUL ABSORB 10X12CM
M15/B10/00;2141883;APÓSITO ESPUMA POLIURETANO S/ADHESIVO BIATAIN 15X15;3;6;APST ESPUMA DE POLI..OTUL ABSORB 15X15CM
M15/B10/00;2261897;APÓSITO ESPUMA POLIURETANO ALLEVYN C/ADHESIVO 15X15;10;20;APST ESPUMA DE POLI..ALLEVYN ADH 15X15CM
M15/B10/00;2312886;APÓSITO ESPUMA POLIURETANO MEPILEX SACRO;10;20;APST ESPUMA DE POLI..RDER SACRUM 16X20CM
M15/B10/00;2261894;APÓSITO FILM POLIURETANO TEGADERM 15X20;5;10;FILM POLIUR TEGADERM FILM 15X20CM
M15/B10/00;2141999;APÓSITO ESPUMA POLIURETANO ALLEVYN C/ADHESIVO 12X12;10;20;APST ESPUMA DE POLI..VYN ADH 12,5X12,5CM
M16/B01/00;5078964;GAFAS DE PROTECCION;1;2;GAFAS DE PROTECCION
M16/B02/00;2141459;GEL FRIO/CALOR;2;4;CMPRS FRIO CALOR 25X13CM
M16/B02/00;2147144;DEPRESOR MADERA COMÚN;100;200;DEPRESOR MADERA
M16/B02/00;2142267;CAJA BLANCA CON TAPA P/DENTADURA;2;4;FRSC BIOP BOCA ANCHA 500ML
M16/B02/00;2147141;DEPRESOR PLÁSICO ESTÉRIL;10;20;DEPRESOR PLAST
M16/B03/00;5131445;BOLSA PLÁSTICO PEQUEÑA;100;200;BOLSA PLAST.TRANSP.7X10 C/AUTOCIERRE
M16/B03/00;2255129;CEPILLO CLORHEXIDINA;12;24;CEPILLO QUIR ANTISE..NOS CLORHEXIDINA 4%
M16/B03/00;5071683;BASTONCILLO BOCA SABOR LIMON;30;60;BASTONCILLO BOCA SABOR LIMON B/3
M16/B03/00;5039281;BOLSA PLÁSTICO GRANDE;100;200;BOLSA PLASTICO C/CIERRE 12X18
M16/B03/00;5038126;BOLSA PLÁSTICO MEDIANA;100;200;BOLSA PLASTICO CIERRE HEMETICO 10X14,5
M16/B04/00;2144158;BISTURI C/MANGO 11;10;20;BISTURI DESECH C/MANGO N11
M16/B04/00;2116018;GRAPADORA SUTURA HERIDA;2;4;GRAP SUTURA CUT DESECH 35 GRAPAS 3,25MM
M16/B04/00;2116009;EXTRACTOR QUITA GRAPAS SUTURA HERIDA;5;10;EXTRACTOR GRAPAS SUTURA CUT DESECH
M16/B05/00;2141386;ESPARADRAPO PAPEL 1,25CM;4;8;ESPARADRAPO PAPEL 1,25CMX9,1M
M16/B05/00;2141384;ESPARADRAPO PAPEL 5CM;4;8;ESPARADRAPO PAPEL 5CMX10M
M16/B05/00;2141376;ESPARADRAPO PLAST 2,5CM;24;48;ESPARADRAPO PLAST 2,5CMX9,1M
M16/B06/00;2144112;CURETA DERMATOLOGICA;2;4;CURETA DERMATOLOGICA 4MM
M16/B06/00;2144210;HOJA BISTURÍ CURVA 12;10;20;HOJA BISTURI CRV N12
M16/B06/00;2115997;TIRAS DE APROXIMACIÓN ESTERISTRIP 6MM;30;60;TIRAS APROXIMACION 6X75MM
M16/B06/00;2116212;TIRAS DE APROXIMACIÓN ESTERISTRIP 12MM;60;120;TIRAS APROXIMACION 12X100MM
M16/B06/00;2144177;HOJA BISTURI 11;20;40;HOJA BISTURI N11
M16/B07/00;2111715;TUBO AMARILLO;200;400;TB EXTRAC GEL SEP TAPON AMRLL 8,5ML
M16/B08/00;2108650;TUBO HEMOGRAMA;200;400;TB EXTRAC C/ EDTA T..ILA TRANSLUCIDO 3ML
M16/B08/00;2111380;TUBO VERDE;200;400;TB EXTRAC GEL SEP C..LITIO TAPON VRD 3ML
M16/B09/00;2241471;TUBO AZUL COAGULACIÓN Y ROTEM;100;200;TB EXTRAC CITRATO T..ICO TAPON AZL 2,7ML
M16/B09/00;2241470;TUBO AZUL EXTRACCIÓN DIFÍCIL;15;30;TB EXTRAC CITRATO T..ICO TAPON AZL 1,8ML
M16/B09/00;2111079;TUBO PRUEBAS CRUZADAS;25;50;TB EXTRAC C/ EDTA TAPON LILA 10ML
M16/B10/00;2282620;FROTIS VIRAL - COVID GRIPE INFLUENZA;5;10;MED TRANSP VIRAL ST..AL-FARINGEO 3ML K19
M16/B10/00;2113903;FROTIS BACTERIANO;10;20;TRANSPORTE ANAEROBIOS VIAL
M16/B10/00;2223743;FRASCO HEMOCULTIVO ANAEROBIOS;10;20;HEMOCULTIVO ANAEROB..S BACTEC FRSC PLAST
M16/B10/00;2223742;FRASCO HEMOCULTIVO AEROBIOS;10;20;HEMOCULTIVO AEROBIO..S BACTEC FRSC PLAST
M17/B01/00;2146402;MEDIAS NEUMOCOMPRESIÓN KENDAL MEDIANAS;4;8;ST COMPR SECUENCIA MNGTO MUSLO MED
M17/B02/00;2146403;MEDIAS NEUMOCOMPRESIÓN KENDAL PEQUEÑAS;2;4;ST COMPR SECUENCIA MNGTO MUSLO PEQ
M17/B03/00;2200002;TIRAS P/GLUCEMIAS;500;1.000;TIRA GLUC. SANGRE C..NT FREESTYLE OPTIUM
M17/B03/00;2337749;LANCETAS P/GLUCEMIA;400;800;LANCETA SEGUR P/ PUNC GLUC USO PROF 30G
M17/B03/00;2222929;AGUJA SUBCUTÁNEA INSULINA;50;100;AGUJ HIPODERM SUB INSUL DOB SEG 30G 5MM
M17/B05/00;2139392;PINCHO TRASVASADOR;50;100;PUNZON P/ TRASVASE FLUIDOS ESTERILES
M17/B05/00;2319716;APÓSITO FIJACIÓN PICC STATLOCK;10;20;APST FIJN MED LUNA ..MOVILES P/ CAT PICC
M17/B05/00;2202599;CATETER VENOSO PERIFÉRICO CVP  22G;25;50;CAT PERI CRT C/SEG C/V.ANTIRREF 22G 25MM
M17/B06/00;2202600;CATETER VENOSO PERIFÉRICO CVP  20G;50;100;CAT PERI CRT C/SEG C/V.ANTIRREF 20G 32MM
M17/B06/00;2202601;CATETER VENOSO PERIFÉRICO CVP  18G;50;100;CAT PERI CRT C/SEG C/V.ANTIRREF 18G 32MM
M17/B07/00;2104278;EQUIPO DE EXTRACCIÓN CON AGUJA Y VACUTAINER;50;100;AGUJ EXTRAC C/SEG C/ALE PREMONT 23G 19CM
M17/B08/00;2137923;AGUJA ROSA CARGA DE MEDICACIÓN PUNTA ROMA;1.500;3.000;AGUJ DE CARG ROMA 18G 40MM
M17/B10/00;2239335;AGUJA 21G VERDE CORTA 25MM;20;40;AGUJ HIPODERM C/SEGURIDAD 21G 25MM
M17/B10/00;2137663;AGUJA 25G;25;50;AGUJ HIPODERM C/SEGURIDAD 25G 16MM
M17/B10/00;2137688;AGUJA 21G VERDE LARGA 40MM;20;40;AGUJ HIPODERM C/SEGURIDAD 21G 40MM
M17/B10/00;2315071;TOALLITAS ALCOHÓLICAS DESINFECCIÓN BIOCONECTOR;240;480;TOALLITA DESINFECCI..A 2% ALCOHOLICA 70%
M17/B11/00;2105696;ADAPTADOR VACUTAINER;300;600;PORTATUBO EXTRAC
M18/B01/00;2251133;TRANSDUCTOR ARTERIAL;5;10;EQ MOTORIZACION PRESIONES DESECH
M18/B03/00;2137737;CATÉTER EPIDURAL C/FILTRO;1;2;EQ ANEST EPIDURAL AGUJ 18G
M18/B05/00;2254360;CATETER CENTRAL CVC 30CM FEMORAL 2 LUCES;2;4;EQ CAT VEN CENT YUG..LUCES SEGUR 7F 30CM
M18/B05/00;2254361;CATETER CENTRAL CVC 30CM FEMORAL 3 LUCES;2;4;EQ CAT VEN CENT YUG..LUCES SEGUR 7F 30CM
M18/B07/00;2103391;GUÍA FLEXIBLE ARTERIA DIFICIL;1;2;"EQ MPUNC VASC C/ GU..40CM 0,018"" 4F 10CM"
OFICINA;1102031;ROTULADOR FLUORESCENTE NARANJA;10;20;RTLD FLUORESCENTE NARANJA
OFICINA;1102045;ROTULADOR PIZARRA VELLEDA NEGRO;12;24;RTLD P/ PIZARRA BL ..C VELLEDA 1,5MM NGR
OFICINA;1102084;ROTULADOR CARIOCA NEGRO;5;10;RTLD PNT NMAL NGR
OFICINA;1102046;ROTULADOR PIZARRA VELLEDA AZUL;12;24;RTLD P/ PIZARRA BL ..C VELLEDA 1,5MM AZL
OFICINA;1102047;ROTULADOR PIZARRA VELLEDA ROJO;12;24;RTLD P/ PIZARRA BL .. VELLEDA 1,5MM ROJO
OFICINA;1102010;BOLIGRAFO PILOT NEGRO;5;10;BOLIGRAFO SP GRIP BPGP PILOT NGR
OFICINA;1102053;ROTULADOR PERMANENTE EDDING NEGRO;10;20;RTLD PTE PNT CONICA..ING 300 1,5-3MM NGR
OFICINA;1102054;ROTULADOR PERMANENTE EDDING AZUL;10;20;RTLD PTE PNT CONICA..ING 300 1,5-3MM AZL
OFICINA;1102009;BOLIGRAFO PILOT AZUL;5;10;BOLIGRAFO SP GRIP BPGP PILOT AZL
OFICINA;1102055;ROTULADOR PERMANENTE EDDING ROJO;10;20;MAR PERMANT EDDING 300 -2-ROJO
OFICINA;1102060;ROTULADOR PERMANENTE PUNTA FINA VERDE;5;10;RTLD PTE PNT FN 0,7MM VRD
OFICINA;1102028;ROTULADOR FLUORESCENTE VERDE;10;20;RTLD FLUORESCENTE P..EDDING 24 2-5MM VRD
OFICINA;1102027;ROTULADOR FLUORESCENTE AZUL;10;20;RTLD FLUORESCENTE P..EDDING 24 2-5MM AZL
OFICINA;1102026;ROTULADOR FLUORESCENTE ROSA;10;20;RTLD FLUORESCENTE P..DDING 24 2-5MM ROSA
OFICINA;1102011;BOLIGRAFO PILOT ROJO;5;10;BOLIGRAFO SP GRIP BPGP PILOT ROJO
OFICINA;5002103;PAPEL P/ELECTROCARDIOGRAMO ECG EKG;4;8;PAPEL E.C.G. M2483A PARA  ECG M1700A
OFICINA;1102025;ROTULADOR FLUORESCENTE AMARILLO;10;20;RTLD FLUORESCENTE P..DING 24 2-5MM AMRLL
OFICINA;1102017;LAPIZ EB2;12;24;LAPICERO PNT NMAL Nº 2
OFICINA;1102013;CORRECTOR CINTA;10;20;CORRECTOR MANUAL LI.. DE ESCRITURA 4,2MM
OFICINA;5034327;BLOC CUADRICULADO 1/8;5;10;BLOC CUADRICULADO 1/8
OFICINA;5034340;FUNDA PLÁSTICO RÍGIDO DOBLE HOJA;200;400;FUNDA PLASTIC.DOBLE T/FOLIO (HISTORIA) F
OFICINA;5034577;IMPRESO H-30 DEFUNCION;1;2;IMPRESO H-30 DEFUNCION
OFICINA;5034841;PAPEL ALUMINIO;2;4;PAPEL ALUMINIO
OFICINA;5039705;IMPRESO H-111 ESTERILIZACION;1;2;IMPRESO H-111 ESTERILIZACION
OFICINA;1102378;FUNDA PLÁSTICO FINO P/FOLIO A4;100;200;FUNDA PLAST TRANSPA..NCOLORO FOLIO 60µm
OFICINA;1102373;CINTA DYMO BLANCA;5;10;CINTA ROTULAR DYMO NGR BL 12MMX7M
OFICINA;1102309;CARPETA 4 ANILLAS CAPA AZUL TRASLUCIDA;2;4;CARPETA 4 ANILLAS T..TRASLUCIDO 25MM AZL
OFICINA;1102263;ARCHIVADOR JASPEADO GRIS FOLIO A4;2;4;ARCHIVADOR AZ PALAN..JASPEADO GRIS FOLIO
OFICINA;1102244;CUADERNO ESPIRAL CUADRICULADAS A5;2;4;CUADERNO ESPRL 80 H..DRICULADAS 4-5MM A5
OFICINA;1102141;NOTAS ADHESIVAS 100 HJ 76X76;12;24;NOTAS ADHESIVAS QUI..TACO 100 HJ 76X76MM
OFICINA;1102140;NOTAS ADHESIVAS 100 HJ 38X51;12;24;NOTAS ADHESIVAS QUI..TACO 100 HJ 38X51MM
OFICINA;1100000;PAPEL FOLIOS DIN A4 80G 500H;25;50;PAPEL DIN A4 80G FOTOC ECOLOGICO 500H
OFICINA;1102003;BOLÍGRAFO NORMAL AZUL;12;24;BOLIGRAFO PNT NMAL 0,7MM AZL
OFICINA;2267505;GLUCOMETRO FREESTYLE OPTIUM NEO;1;2;GLUCOMETRO FREESTYLE OPTIUM NEO
OFICINA;1102139;NOTAS ADHESIVAS 100 HJ 127X76;5;10;NOTAS ADHESIVAS QUI..ACO 100 HJ 127X76MM
OFICINA;1102004;BOLÍGRAFO NORMAL NEGRO;12;24;BOLIGRAFO PNT NMAL 0,7MM NGR
OFICINA;1102135;GRAPADORA FOLIOS;2;4;GRAPD DE MESA 30 HJ
OFICINA;1102005;BOLÍGRAFO NORMAL ROJO;12;24;BOLIGRAFO PNT NMAL 0,7MM ROJO
OFICINA;1102085;ROTULADOR CARIOCA AZUL;5;10;RTLD PNT NMAL AZL
OFICINA;1102086;ROTULADOR CARIOCA ROJO;5;10;RTLD PNT NMAL ROJO
OFICINA;1102109;CLIP FOLIOS;5;10;CLIP LABIADO GALVANIZADO Nº 3 C/100
OFICINA;1102131;FOLIO A4 ETIQUETAS ADHESIVAS 100H;5;10;ETIQ ADH BL IMP.LASER A4 70X37MM 100 HJ
OFICINA;1102133;PINZA QUITAGRAPAS FOLIOS;2;4;EXTRACTOR GRAPAS TIPO PINZA
OFICINA;5182080;GRÁFICAS PAPEL IMPRESO H.C.51/9 REGISTRO DESPERTAR;200;400;IMPRESO H.C.51/9 GRAF.REGISTRO DESPERTAR
TRQ-1;5177700;CINTA TRAQUEOSTOMÍA CRISTAL ROLLO;1;2;CINTA CRISTAL BL Nº6 (100 METROS)
TRQ-1;2141178;APÓSITO BABERO P/TRAQUEOSTOMÍA;30;60;APST CURAS P/ LARINGUECTOMIZ. 20X12CM
TRQ-2;2139892;CANULA MACHO 8IC85;15;30;CAMISA INT PVC RECA..O P/ TRAQUEOST N8,5
TRQ-2;2139979;PIEZA DE TRAQ N8;4;8;CAN TRAQUEOST C/BAL..PVC C/CANULA INT N8
TRQ-3;2139977;PIEZA DE TRAQ N6;2;4;CAN TRAQUEOST C/BAL..PVC C/CANULA INT N6
TRQ-3;2139981;CANULA MACHO 10CN10A;5;10;CAMISA INT PVC RECAMBIO P/ TRAQUEOST N10
TRQ-3;2139978;CANULA MACHO 6IC75;10;20;CAMISA INT PVC RECA..O P/ TRAQUEOST N7,5
VERTEDERO;1000120;MAQUINILLA RASURAR BIC DESECHABLE;4;8;MAQUINILLA RASURAR DESECH
VERTEDERO;1000101;ROLLO PAPEL DE MANOS;12;24;BOBINA SECAMANOS 2 CAPAS 140 A 200M
VERTEDERO;2142299;CONTENEDOR ORINA 24H 3L;2;4;CONT ORINA 24H C/VALVULA VACIO 3L
VERTEDERO;5115901;JABON DERMATOLOGICO MANOS;2;4;JABON DERMATOLOGICO
VERTEDERO;5208261;PAPEL HIGIENICO ROLLO GRANDE;18;36;PAPEL HIGIENICO IND..ION CENT 2 CAP 190M
VERTEDERO;1000070;BOLSA BLANCA P/ROPA PACIENTE OSAKIDETZA;20;40;BOL.PL.ROPA PACI.55X70 G200 BLANCA C/LOG
VERTEDERO;5214179;ESPONJA JABONOSA ASEO;150;300;ESPONJA JABONOSA DESECH 13X10X2,5CM
VERTEDERO;5108655;LEJIA LAVADORA 1L;18;36;LEJIA LAVADORA 1L
VERTEDERO;2142304;CONTENEDOR ORINA TRANSPARENTE 2L;2;4;CONT ORINA TRANSPARENTE 2L
VERTEDERO;1000040;BOLSA ROJA RESÍDUOS BIOLÓGICOS;20;40;BOL.PL.RESID.ESPEC.II 85X100 G400 ROJA
VERTEDERO;5078568;BAYETA ABSORBENTE AMARILLA;1;2;BAYETA ABSORBENTE AMARILLA 38X40
VERTEDERO;2142343;CONTENEDOR BIOCOMPACT 1,8L AMRILLO;10;20;CONT BIOCOMPACT 1,8L BIO AMRLL
VERTEDERO;5043478;BOLSA BIODEGRADABLE VERDE;200;400;BOLSA PLASTICO CAMISETA
VERTEDERO;5043005;JABÓN GEL CORPORAL ASEO;4;8;GEL DERMATOLOGICO
VERTEDERO;5218437;GEL HIDROALCOHOLICO LAVADO DE MANOS 1L;10;20;GEL HIDROALCOHOLICO..N MANOS USO QUIR 1L
VERTEDERO;2142369;CONTENEDOR BIOGRIP 30L ROJO RESÍDUOS BIOLÓGICOS;2;4;CONT BIOGRIP 30L ZITO ROJO
VERTEDERO;2242028;DESINFECTANTE INSTRUMENTAL SPRAY ESPUMA 750ML;5;10;DESINFECTANTE INSTR..IES EN ESPUMA 750ML
VERTEDERO;2246210;TOALLITAS DESINFECCIÓN DE SUPERFICIES 100UND;400;800;TOALLITAS DESINFECC.. SUPERFICIES 100UND
VERTEDERO;1704601;CABEZAL MÁQUINA RASURAR;2;4;CBZ DESECH P/ RASURADORA ELECTRICA
VERTEDERO;2254143;BATEA CARTON DESECHABLE;25;50;BATEA CARTON DBL DESECH
VERTEDERO;2256111;DETERGENTE MULTIENZIMATICO 1L;1;2;DETERGENTE MULTIENZ..A C/ DOSIFICADOR 1L
VERTEDERO;2261759;CONTENEDOR BIOCOMPACT 10L AMRILLO;5;10;CONT BIOCOMPACT 10L BIO AMRLL
VERTEDERO;2151100;VASO HUMIDIFICADOR C/TAPA P/OXIGENOTERAPIA;2;4;VASO HUMIDIFICADOR C/TAPA
VERTEDERO;2261999;SPRAY FOAM LOCIÓN LIMPIADORA PERINÉE PACIENTE 235ML;4;8;LOCION LIMPIADORA C..LD FOAM SPRAY 235ML
VERTEDERO;2271071;BOLSA ESTERILIZACIÓN 32X60CM;20;40;BLS MIXTA 32X60CM
VERTEDERO;2139408;CONTENEDOR ASPIRADOR;1;2;CONT P/ BLS REGD DE LIQ 1,5L
VERTEDERO;2139734;BOLSA P/ENEMA IRRIGACIÓN 1,5L;2;4;BLS LAVADO-IRRIGACION 1,5L
VERTEDERO;2281030;DELANTAL PLÁSTICO;100;200;DELANTAL PLAST SENCILLO K19
VERTEDERO;2149160;BOLSA ESTERILIZACIÓN 20X42CM;25;50;BLS MIXTA 20-21X42CM
VERTEDERO;2149159;BOLSA ESTERILIZACIÓN 15X35CM;25;50;BLS MIXTA 15X35-36CM
VERTEDERO;2149157;BOLSA ESTERILIZACIÓN 10X28CM;25;50;BLS MIXTA 10X27-28CM
VERTEDERO;2143519;FAJA 3 BANDAS TALLA 1;2;4;FAJA LMB 3 BANDAS T1
VERTEDERO;2142435;CONTENEDOR BIOGRIP 30L AZUL MEDICACIÓN CADUCADA;2;4;CONT MEDCTO CADUCAD. OGRIP 30L MEDIC AZL
VERTEDERO;5031441;VASO DESECHABLE;500;1.000;VASO DESECH 220CM3 (A)
VERTEDERO;5034805;DETERJENTE LAVAVAJILLAS FAIRY;2;4;JABON DETERGENTE LIQ 1,5L
VERTEDERO;5034830;SPRAY DESODORANTE AMBIENTADOR;2;4;DESODORANTE AMBIENTADOR
VERTEDERO;5034853;PEINE;2;4;PEINE (INFANTIL)
VERTEDERO;5034860;COLONIA 1L;2;4;COLONIA 1L
VERTEDERO;5034861;CEPILLO PELO;2;4;CEPILLO PELO
VERTEDERO;5034870;ESPARTOS ESTROPAJO SCOTH-BRITTE;1;2;ESPARTOS SCOTH-BRITTE
VERTEDERO;2142381;CONTENEDOR BIOGRIP 30L AMARILLO;2;4;CONT BIOGRIP 30L BIO AMRLL